-- phpMyAdmin SQL Dump
-- version 4.0.10deb1
-- http://www.phpmyadmin.net
--
-- Хост: localhost
-- Время создания: Мар 14 2016 г., 15:25
-- Версия сервера: 5.5.46-0ubuntu0.14.04.2
-- Версия PHP: 5.5.9-1ubuntu4.14

SET SQL_MODE = "NO_AUTO_VALUE_ON_ZERO";
SET time_zone = "+00:00";


/*!40101 SET @OLD_CHARACTER_SET_CLIENT=@@CHARACTER_SET_CLIENT */;
/*!40101 SET @OLD_CHARACTER_SET_RESULTS=@@CHARACTER_SET_RESULTS */;
/*!40101 SET @OLD_COLLATION_CONNECTION=@@COLLATION_CONNECTION */;
/*!40101 SET NAMES utf8 */;

--
-- База данных: `e7`
--

-- --------------------------------------------------------

--
-- Структура таблицы `chunks`
--

CREATE TABLE IF NOT EXISTS `chunks` (
  `id` tinyint(3) unsigned NOT NULL AUTO_INCREMENT,
  `name` varchar(100) NOT NULL,
  `template` varchar(255) DEFAULT NULL,
  PRIMARY KEY (`id`),
  UNIQUE KEY `template` (`template`),
  KEY `name` (`name`)
) ENGINE=InnoDB DEFAULT CHARSET=utf8 AUTO_INCREMENT=1 ;

-- --------------------------------------------------------

--
-- Структура таблицы `components`
--

CREATE TABLE IF NOT EXISTS `components` (
  `id` tinyint(3) unsigned NOT NULL AUTO_INCREMENT,
  `parent_id` tinyint(3) unsigned NOT NULL,
  `isfolder` tinyint(1) unsigned NOT NULL DEFAULT '0',
  `icon` varchar(30) DEFAULT NULL,
  `author` varchar(60) DEFAULT NULL,
  `version` varchar(10) DEFAULT NULL,
  `controller` varchar(150) DEFAULT NULL,
  `position` tinyint(3) unsigned DEFAULT '0',
  `published` tinyint(1) NOT NULL DEFAULT '0',
  `rang` int(4) unsigned DEFAULT NULL,
  `settings` text,
  `created` timestamp NOT NULL DEFAULT CURRENT_TIMESTAMP,
  PRIMARY KEY (`id`),
  KEY `parent_id` (`parent_id`),
  KEY `isfolder` (`isfolder`),
  KEY `position` (`position`),
  KEY `published` (`published`),
  KEY `module` (`controller`)
) ENGINE=InnoDB  DEFAULT CHARSET=utf8 AUTO_INCREMENT=39 ;

--
-- Дамп данных таблицы `components`
--

INSERT INTO `components` (`id`, `parent_id`, `isfolder`, `icon`, `author`, `version`, `controller`, `position`, `published`, `rang`, `settings`, `created`) VALUES
(25, 0, 0, 'fa-flag', 'Volodymyr Hodiak', '1.0.0', 'languages', 0, 0, 300, NULL, '2016-03-03 10:07:48'),
(26, 0, 0, 'fa-cubes', 'Volodymyr Hodiak', '1.0.0', 'contentTypes', 0, 1, 300, NULL, '2016-03-03 10:07:57'),
(28, 0, 0, 'fa-file-text', 'Volodymyr Hodiak', '1.0.0', 'content/Pages', 0, 1, 300, NULL, '2016-03-03 10:14:21'),
(29, 0, 0, 'fa-users', 'Volodymyr Hodiak', '1.0.0', 'admins', 0, 0, 300, NULL, '2016-03-03 10:14:48'),
(30, 0, 0, 'fa-puzzle-piece', 'Volodymyr Hodiak', '1.0.0', 'components', 0, 1, 300, NULL, '2016-03-03 10:14:52'),
(31, 0, 0, 'fa-puzzle-piece', 'Volodymyr Hodiak', '1.0.0', 'plugins', 0, 0, 300, NULL, '2016-03-03 10:14:56'),
(33, 0, 0, 'fa-file-code-o', 'Volodymyr Hodiak', '1.0.0', 'chunks', 0, 0, 300, NULL, '2016-03-03 15:31:14'),
(34, 0, 0, 'fa-globe', 'Volodymyr Hodiak', '1.0.0', 'translations', 0, 0, 300, NULL, '2016-03-04 11:20:00'),
(35, 0, 0, 'fa-book', 'Volodymyr Hodiak', '1.0.0', 'guides', 0, 0, 300, NULL, '2016-03-04 13:14:50'),
(36, 0, 0, 'fa-file-code-o', 'Volodymyr Hodiak', '1.0.0', 'backup', 0, 0, 300, NULL, '2016-03-04 14:00:18'),
(37, 0, 0, 'fa-television', 'Volodymyr Hodiak', '1.0.0', 'themes', 0, 1, 300, NULL, '2016-03-04 14:17:19'),
(38, 0, 0, 'fa-book', 'Volodymyr Hodiak', '1.0.0', 'contentImagesSizes', 0, 1, 300, NULL, '2016-03-09 13:43:18');

-- --------------------------------------------------------

--
-- Структура таблицы `content`
--

CREATE TABLE IF NOT EXISTS `content` (
  `id` int(10) unsigned NOT NULL AUTO_INCREMENT,
  `types_id` tinyint(3) unsigned NOT NULL,
  `subtypes_id` tinyint(3) unsigned NOT NULL,
  `owner_id` int(11) unsigned NOT NULL,
  `parent_id` int(10) unsigned DEFAULT '0',
  `isfolder` tinyint(1) unsigned DEFAULT '0',
  `position` tinyint(3) unsigned DEFAULT '0',
  `created` timestamp NULL DEFAULT CURRENT_TIMESTAMP,
  `updated` timestamp NULL DEFAULT NULL,
  `published` date DEFAULT NULL,
  `status` enum('blank','hidden','published','deleted') DEFAULT 'blank',
  PRIMARY KEY (`id`,`types_id`,`subtypes_id`,`owner_id`),
  KEY `fk_content_content_types1_idx` (`types_id`),
  KEY `fk_content_content_subtypes1_idx` (`subtypes_id`),
  KEY `fk_content_owner_idx` (`owner_id`),
  KEY `status` (`status`),
  KEY `published` (`published`)
) ENGINE=InnoDB  DEFAULT CHARSET=utf8 AUTO_INCREMENT=46 ;

--
-- Дамп данных таблицы `content`
--

INSERT INTO `content` (`id`, `types_id`, `subtypes_id`, `owner_id`, `parent_id`, `isfolder`, `position`, `created`, `updated`, `published`, `status`) VALUES
(30, 1, 1, 2, 0, 1, 0, '2016-03-03 13:48:39', NULL, '2016-03-03', 'published'),
(33, 1, 1, 2, 30, 0, 0, '2016-03-11 12:10:12', NULL, '2016-03-11', 'deleted'),
(34, 1, 1, 2, 30, 0, 0, '2016-03-11 12:10:21', NULL, '2016-03-11', 'deleted'),
(35, 1, 1, 2, 30, 0, 0, '2016-03-11 12:16:45', NULL, '2016-03-11', 'deleted'),
(36, 1, 1, 2, 30, 0, 0, '2016-03-11 12:26:46', NULL, '2016-03-11', 'deleted'),
(38, 1, 1, 2, 30, 0, 0, '2016-03-11 12:28:10', NULL, '2016-03-11', 'deleted'),
(39, 1, 1, 2, 30, 0, 0, '2016-03-11 12:29:16', NULL, '2016-03-11', 'deleted'),
(40, 1, 1, 2, 30, 0, 0, '2016-03-11 12:29:41', NULL, '2016-03-11', 'deleted'),
(41, 1, 1, 2, 30, 0, 0, '2016-03-11 12:32:28', NULL, '2016-03-11', 'deleted'),
(42, 1, 1, 2, 30, 0, 0, '2016-03-11 12:47:46', NULL, '2016-03-11', 'deleted'),
(43, 1, 1, 2, 30, 0, 0, '2016-03-14 12:34:05', NULL, '2016-03-14', 'published'),
(44, 1, 1, 2, 30, 0, 0, '2016-03-14 12:34:14', NULL, '2016-03-14', 'published'),
(45, 1, 1, 2, 30, 0, 0, '2016-03-14 12:34:24', NULL, '2016-03-14', 'published');

-- --------------------------------------------------------

--
-- Структура таблицы `content_images`
--

CREATE TABLE IF NOT EXISTS `content_images` (
  `id` int(11) unsigned NOT NULL AUTO_INCREMENT,
  `content_id` int(11) unsigned NOT NULL,
  `path` varchar(255) NOT NULL,
  `image` varchar(255) NOT NULL,
  `position` tinyint(5) unsigned NOT NULL,
  `created` timestamp NOT NULL DEFAULT CURRENT_TIMESTAMP,
  PRIMARY KEY (`id`),
  KEY `fk_content_images_content1_idx` (`content_id`),
  KEY `position` (`position`)
) ENGINE=InnoDB  DEFAULT CHARSET=utf8 AUTO_INCREMENT=272 ;

-- --------------------------------------------------------

--
-- Структура таблицы `content_images_sizes`
--

CREATE TABLE IF NOT EXISTS `content_images_sizes` (
  `id` tinyint(3) unsigned NOT NULL AUTO_INCREMENT,
  `size` varchar(16) NOT NULL,
  `width` int(5) unsigned NOT NULL,
  `height` int(5) unsigned NOT NULL,
  PRIMARY KEY (`id`),
  UNIQUE KEY `size` (`size`)
) ENGINE=InnoDB  DEFAULT CHARSET=utf8 AUTO_INCREMENT=14 ;

--
-- Дамп данных таблицы `content_images_sizes`
--

INSERT INTO `content_images_sizes` (`id`, `size`, `width`, `height`) VALUES
(8, 'post', 200, 200),
(9, 'small', 160, 120),
(10, 'test', 120, 90),
(11, 'test2', 120, 90),
(12, 'a', 200, 100),
(13, 'ss', 320, 240);

-- --------------------------------------------------------

--
-- Структура таблицы `content_info`
--

CREATE TABLE IF NOT EXISTS `content_info` (
  `id` int(10) unsigned NOT NULL AUTO_INCREMENT,
  `content_id` int(10) unsigned NOT NULL,
  `languages_id` tinyint(3) unsigned NOT NULL,
  `name` varchar(255) DEFAULT NULL,
  `url` varchar(160) DEFAULT NULL,
  `h1` varchar(255) DEFAULT NULL,
  `title` varchar(255) DEFAULT NULL,
  `keywords` varchar(255) DEFAULT NULL,
  `description` varchar(255) DEFAULT NULL,
  PRIMARY KEY (`id`,`content_id`,`languages_id`),
  UNIQUE KEY `url_uq` (`content_id`,`languages_id`,`url`),
  KEY `fk_content_info_content1_idx` (`content_id`),
  KEY `fk_content_info_languages1_idx` (`languages_id`)
) ENGINE=InnoDB  DEFAULT CHARSET=utf8 AUTO_INCREMENT=38 ;

--
-- Дамп данных таблицы `content_info`
--

INSERT INTO `content_info` (`id`, `content_id`, `languages_id`, `name`, `url`, `h1`, `title`, `keywords`, `description`) VALUES
(25, 30, 1, 'Головна', 'golovna', '', 'Головна', '', ''),
(26, 33, 1, 'ф', 'f', '', 'ф', '', ''),
(27, 34, 1, 'і', 'i', '', 'і', '', ''),
(28, 35, 1, '345345', '345345', '', '345345', '', ''),
(29, 36, 1, 'sdfsdfsdf', 'sdfsdfsdf', '', 'sdfsdfsdf', '', ''),
(30, 38, 1, 'sdfsdfsdf', 'sdfsdfsdf', '', 'sdfsdfsdf', '', ''),
(31, 39, 1, 'ewrwer', 'ewrwer', '', 'ewrwer', '', ''),
(32, 40, 1, 'werewr', 'werewr', '', 'werewr', '', ''),
(33, 41, 1, 'ertretert', 'ertretert', '', 'ertretert', '', ''),
(34, 42, 1, 'dd', 'dd', '', 'dd', '', ''),
(35, 43, 1, 'ПРо проект', 'pro-proekt', '', 'ПРо проект', '', ''),
(36, 44, 1, 'Історія', 'istoriya', '', 'Історія', '', ''),
(37, 45, 1, 'Ваканції', 'vakanciї', '', 'Ваканції', '', '');

-- --------------------------------------------------------

--
-- Структура таблицы `content_types`
--

CREATE TABLE IF NOT EXISTS `content_types` (
  `id` tinyint(3) unsigned NOT NULL AUTO_INCREMENT,
  `parent_id` tinyint(3) unsigned DEFAULT '0',
  `isfolder` tinyint(1) unsigned DEFAULT '0',
  `type` varchar(45) NOT NULL,
  `name` varchar(60) NOT NULL,
  `is_main` tinyint(1) unsigned DEFAULT NULL,
  `settings` text,
  PRIMARY KEY (`id`),
  UNIQUE KEY `parent_id` (`parent_id`,`type`),
  UNIQUE KEY `parent_id_2` (`parent_id`,`is_main`),
  KEY `is_main` (`is_main`)
) ENGINE=InnoDB  DEFAULT CHARSET=utf8 AUTO_INCREMENT=5 ;

--
-- Дамп данных таблицы `content_types`
--

INSERT INTO `content_types` (`id`, `parent_id`, `isfolder`, `type`, `name`, `is_main`, `settings`) VALUES
(1, 0, 0, 'pages', 'Сторінки', 1, 'a:2:{s:9:"parent_id";s:1:"0";s:7:"ext_url";s:1:"0";}'),
(2, 0, 1, 'blog', 'Блог', NULL, 'a:1:{s:9:"parent_id";s:1:"0";}'),
(3, 2, 0, 'cat', 'Категорії', NULL, 'a:1:{s:9:"parent_id";s:1:"0";}'),
(4, 2, 0, 'post', 'Статті', NULL, 'a:1:{s:9:"parent_id";s:1:"0";}');

-- --------------------------------------------------------

--
-- Структура таблицы `content_types_images_sizes`
--

CREATE TABLE IF NOT EXISTS `content_types_images_sizes` (
  `id` int(10) unsigned NOT NULL AUTO_INCREMENT,
  `types_id` tinyint(3) unsigned NOT NULL,
  `images_sizes_id` tinyint(3) unsigned NOT NULL,
  PRIMARY KEY (`id`,`types_id`,`images_sizes_id`),
  KEY `fk_content_types_images_sizes1_idx` (`types_id`),
  KEY `fk_content_types_images_sizes2_idx` (`images_sizes_id`)
) ENGINE=InnoDB  DEFAULT CHARSET=latin1 AUTO_INCREMENT=14 ;

--
-- Дамп данных таблицы `content_types_images_sizes`
--

INSERT INTO `content_types_images_sizes` (`id`, `types_id`, `images_sizes_id`) VALUES
(8, 1, 8),
(9, 1, 9),
(10, 1, 10),
(11, 1, 11),
(12, 1, 12),
(13, 1, 13);

-- --------------------------------------------------------

--
-- Структура таблицы `guides`
--

CREATE TABLE IF NOT EXISTS `guides` (
  `id` int(11) unsigned NOT NULL AUTO_INCREMENT,
  `parent_id` int(11) unsigned NOT NULL,
  `position` tinyint(3) unsigned NOT NULL,
  `code` varchar(255) DEFAULT NULL,
  PRIMARY KEY (`id`),
  KEY `parent_id` (`parent_id`),
  KEY `position` (`position`)
) ENGINE=InnoDB DEFAULT CHARSET=utf8 AUTO_INCREMENT=1 ;

-- --------------------------------------------------------

--
-- Структура таблицы `guides_info`
--

CREATE TABLE IF NOT EXISTS `guides_info` (
  `id` int(11) unsigned NOT NULL AUTO_INCREMENT,
  `guides_id` int(11) unsigned NOT NULL,
  `languages_id` tinyint(3) unsigned NOT NULL,
  `name` varchar(255) NOT NULL,
  PRIMARY KEY (`id`,`guides_id`,`languages_id`),
  UNIQUE KEY `guides_id` (`guides_id`,`languages_id`),
  KEY `fk_guides_info_languages2_idx` (`languages_id`),
  KEY `fk_guides_info_guides2_idx` (`guides_id`)
) ENGINE=InnoDB DEFAULT CHARSET=utf8 AUTO_INCREMENT=1 ;

-- --------------------------------------------------------

--
-- Структура таблицы `languages`
--

CREATE TABLE IF NOT EXISTS `languages` (
  `id` tinyint(3) unsigned NOT NULL AUTO_INCREMENT,
  `code` char(2) NOT NULL,
  `name` varchar(30) NOT NULL,
  `is_main` tinyint(1) unsigned DEFAULT '0',
  PRIMARY KEY (`id`),
  UNIQUE KEY `code` (`code`),
  KEY `is_main` (`is_main`)
) ENGINE=InnoDB  DEFAULT CHARSET=utf8 AUTO_INCREMENT=2 ;

--
-- Дамп данных таблицы `languages`
--

INSERT INTO `languages` (`id`, `code`, `name`, `is_main`) VALUES
(1, 'uk', 'Українська', 1);

-- --------------------------------------------------------

--
-- Структура таблицы `plugins`
--

CREATE TABLE IF NOT EXISTS `plugins` (
  `id` tinyint(3) unsigned NOT NULL AUTO_INCREMENT,
  `icon` varchar(30) DEFAULT NULL,
  `author` varchar(60) DEFAULT NULL,
  `version` varchar(10) DEFAULT NULL,
  `controller` varchar(150) DEFAULT NULL,
  `place` enum('top','main','meta','params','bottom','sidebar') NOT NULL,
  `published` tinyint(1) NOT NULL DEFAULT '0',
  `rang` int(4) unsigned DEFAULT NULL,
  `settings` text,
  `created` timestamp NOT NULL DEFAULT CURRENT_TIMESTAMP,
  PRIMARY KEY (`id`),
  KEY `published` (`published`),
  KEY `module` (`controller`)
) ENGINE=InnoDB  DEFAULT CHARSET=utf8 AUTO_INCREMENT=17 ;

--
-- Дамп данных таблицы `plugins`
--

INSERT INTO `plugins` (`id`, `icon`, `author`, `version`, `controller`, `place`, `published`, `rang`, `settings`, `created`) VALUES
(14, 'fa-folder-o', 'Volodymyr Hodiak', '1.0.0', 'pagesTree', 'sidebar', 1, 300, NULL, '2016-03-03 14:58:57'),
(15, 'fa-users', 'Volodymyr Hodiak', '1.0.0', 'adminsGroup', 'sidebar', 1, 300, NULL, '2016-03-03 14:59:05'),
(16, 'fa-picture-o', 'Volodymyr Hodiak', '1.0.0', 'contentImages', 'params', 1, 300, NULL, '2016-03-09 11:26:40');

-- --------------------------------------------------------

--
-- Структура таблицы `plugins_components`
--

CREATE TABLE IF NOT EXISTS `plugins_components` (
  `id` int(10) unsigned NOT NULL AUTO_INCREMENT,
  `plugins_id` tinyint(3) unsigned NOT NULL,
  `components_id` tinyint(3) unsigned NOT NULL,
  `position` tinyint(3) unsigned NOT NULL DEFAULT '0',
  PRIMARY KEY (`id`,`plugins_id`,`components_id`),
  KEY `fk_plugins_components_plugins1_idx` (`plugins_id`),
  KEY `fk_plugins_components_components1_idx` (`components_id`),
  KEY `position` (`position`)
) ENGINE=InnoDB  DEFAULT CHARSET=latin1 AUTO_INCREMENT=23 ;

--
-- Дамп данных таблицы `plugins_components`
--

INSERT INTO `plugins_components` (`id`, `plugins_id`, `components_id`, `position`) VALUES
(20, 14, 28, 0),
(21, 15, 29, 0),
(22, 16, 28, 0);

-- --------------------------------------------------------

--
-- Структура таблицы `settings`
--

CREATE TABLE IF NOT EXISTS `settings` (
  `id` int(10) unsigned NOT NULL AUTO_INCREMENT,
  `name` varchar(45) NOT NULL,
  `value` varchar(45) NOT NULL,
  `description` varchar(160) DEFAULT NULL,
  PRIMARY KEY (`id`),
  UNIQUE KEY `sname` (`name`)
) ENGINE=InnoDB  DEFAULT CHARSET=utf8 AUTO_INCREMENT=24 ;

--
-- Дамп данных таблицы `settings`
--

INSERT INTO `settings` (`id`, `name`, `value`, `description`) VALUES
(1, 'autofil_title', '1', 'Автоматично заповнювати title в стоірнках на основі назви'),
(2, 'autotranslit_alias', '1', 'Автоматично генерувати аліас'),
(3, 'editor_language', 'uk', 'Мова редактора по замовчуванню'),
(4, 'editor_bodyId', 'cms_content', 'ID body в шаблоні '),
(5, 'editor_bodyClass', 'cms_content', 'Клас контенту для редкатора'),
(6, 'editor_contentsCss', '/themes/default/assets/css/style.css', 'Шлях до стилів сайту, можна задавати через кому декілька'),
(7, 'products_list_update_price', '1', 'Оновляти ціни в списку товарів\r\n'),
(8, 'languages_create_info', '1', 'При створенні мови, автоматично згенерувати переклади у всіх розділах системи'),
(9, 'app_theme_current', 'default', 'Тема по замовчуванню для сайту'),
(10, 'app_views_path', 'views/', 'Шлях до шаблонів'),
(11, 'app_chunks_path', 'chunks/', 'Шлях до чанків'),
(12, 'themes_path', 'themes/', 'Папка з темами'),
(13, 'content_images_dir', 'uploads/content/', 'Шлях до зображень'),
(14, 'content_images_thumb_dir', 'thumbs/', 'Шлях до превюшок'),
(15, 'content_images_source_dir', 'source/', 'Шлях до sources'),
(17, 'engine_theme_current', 'engine', 'Активна тема engine'),
(19, 'page_404', '4522', 'Ід сторінки 404'),
(20, 'content_images_source_size', '1600x1200', 'Розмір зображень source по замовчуванню'),
(21, 'content_images_thumbs_size', '125x125', 'Розмір зображень thumbs по замовчуванню'),
(23, 'content_images_quality', '70', 'Якість зображень при ресайзі');

-- --------------------------------------------------------

--
-- Структура таблицы `translations`
--

CREATE TABLE IF NOT EXISTS `translations` (
  `id` int(11) unsigned NOT NULL AUTO_INCREMENT,
  `code` varchar(60) NOT NULL,
  PRIMARY KEY (`id`),
  UNIQUE KEY `code` (`code`)
) ENGINE=InnoDB DEFAULT CHARSET=utf8 AUTO_INCREMENT=1 ;

-- --------------------------------------------------------

--
-- Структура таблицы `translations_info`
--

CREATE TABLE IF NOT EXISTS `translations_info` (
  `id` int(11) unsigned NOT NULL AUTO_INCREMENT,
  `translations_id` int(11) unsigned NOT NULL,
  `languages_id` tinyint(3) unsigned NOT NULL,
  `value` text NOT NULL,
  PRIMARY KEY (`id`),
  KEY `fk_translations_info_translations1_idx` (`translations_id`),
  KEY `fk_translations_info_languages1_idx` (`languages_id`)
) ENGINE=InnoDB DEFAULT CHARSET=utf8 AUTO_INCREMENT=1 ;

-- --------------------------------------------------------

--
-- Структура таблицы `users`
--

CREATE TABLE IF NOT EXISTS `users` (
  `id` int(11) unsigned NOT NULL AUTO_INCREMENT,
  `group_id` tinyint(3) unsigned NOT NULL,
  `languages_id` tinyint(3) unsigned NOT NULL,
  `sessid` char(35) DEFAULT NULL,
  `name` varchar(60) NOT NULL,
  `surname` varchar(60) NOT NULL,
  `phone` varchar(20) NOT NULL,
  `email` varchar(60) NOT NULL,
  `password` varchar(64) NOT NULL,
  `avatar` varchar(100) DEFAULT NULL,
  `skey` varchar(35) DEFAULT NULL,
  `created` timestamp NOT NULL DEFAULT CURRENT_TIMESTAMP,
  `updated` datetime NOT NULL,
  `lastlogin` timestamp NULL DEFAULT NULL,
  `status` enum('active','ban','deleted') NOT NULL DEFAULT 'active',
  PRIMARY KEY (`id`,`group_id`,`languages_id`),
  UNIQUE KEY `phone` (`phone`,`email`),
  KEY `fk_users_group1_idx` (`group_id`),
  KEY `status` (`status`)
) ENGINE=InnoDB  DEFAULT CHARSET=utf8 AUTO_INCREMENT=3 ;

--
-- Дамп данных таблицы `users`
--

INSERT INTO `users` (`id`, `group_id`, `languages_id`, `sessid`, `name`, `surname`, `phone`, `email`, `password`, `avatar`, `skey`, `created`, `updated`, `lastlogin`, `status`) VALUES
(2, 1, 0, 'enoeok8s4215em1r34m4u9pqf3', 'Володимир', 'Годяк', '380676736242', 'wmgodyak@gmail.com', 'MTTuFPm3y4m2o', NULL, NULL, '2016-03-03 13:25:08', '0000-00-00 00:00:00', '2016-03-14 12:17:51', 'active');

-- --------------------------------------------------------

--
-- Структура таблицы `users_group`
--

CREATE TABLE IF NOT EXISTS `users_group` (
  `id` tinyint(3) unsigned NOT NULL AUTO_INCREMENT,
  `parent_id` tinyint(3) unsigned NOT NULL,
  `isfolder` tinyint(1) unsigned NOT NULL DEFAULT '0',
  `rang` smallint(3) unsigned NOT NULL,
  `position` tinyint(3) unsigned NOT NULL,
  PRIMARY KEY (`id`),
  KEY `pid` (`parent_id`),
  KEY `sort` (`position`),
  KEY `isfolder` (`isfolder`)
) ENGINE=InnoDB  DEFAULT CHARSET=utf8 AUTO_INCREMENT=2 ;

--
-- Дамп данных таблицы `users_group`
--

INSERT INTO `users_group` (`id`, `parent_id`, `isfolder`, `rang`, `position`) VALUES
(1, 0, 0, 500, 1);

-- --------------------------------------------------------

--
-- Структура таблицы `users_group_info`
--

CREATE TABLE IF NOT EXISTS `users_group_info` (
  `id` int(11) unsigned NOT NULL AUTO_INCREMENT,
  `group_id` tinyint(3) unsigned NOT NULL,
  `languages_id` tinyint(3) unsigned NOT NULL,
  `name` varchar(100) NOT NULL,
  PRIMARY KEY (`id`),
  UNIQUE KEY `group_id` (`group_id`,`languages_id`),
  KEY `fk_users_group_info_users_group1_idx` (`group_id`),
  KEY `fk_users_group_info_languages1_idx` (`languages_id`)
) ENGINE=InnoDB  DEFAULT CHARSET=utf8 AUTO_INCREMENT=16 ;

--
-- Дамп данных таблицы `users_group_info`
--

INSERT INTO `users_group_info` (`id`, `group_id`, `languages_id`, `name`) VALUES
(15, 1, 1, 'Адміністратори');

--
-- Ограничения внешнего ключа сохраненных таблиц
--

--
-- Ограничения внешнего ключа таблицы `content`
--
ALTER TABLE `content`
  ADD CONSTRAINT `fk_content_content_subtypes1` FOREIGN KEY (`subtypes_id`) REFERENCES `content_types` (`id`) ON DELETE CASCADE ON UPDATE CASCADE,
  ADD CONSTRAINT `fk_content_content_types1` FOREIGN KEY (`types_id`) REFERENCES `content_types` (`id`) ON DELETE CASCADE ON UPDATE CASCADE,
  ADD CONSTRAINT `fk_content_owner_id1` FOREIGN KEY (`owner_id`) REFERENCES `users` (`id`) ON DELETE CASCADE ON UPDATE CASCADE;

--
-- Ограничения внешнего ключа таблицы `content_images`
--
ALTER TABLE `content_images`
  ADD CONSTRAINT `fk_content_images_content1` FOREIGN KEY (`content_id`) REFERENCES `content` (`id`) ON DELETE CASCADE ON UPDATE CASCADE;

--
-- Ограничения внешнего ключа таблицы `content_info`
--
ALTER TABLE `content_info`
  ADD CONSTRAINT `fk_content_info_content1` FOREIGN KEY (`content_id`) REFERENCES `content` (`id`) ON DELETE CASCADE ON UPDATE CASCADE,
  ADD CONSTRAINT `fk_content_info_languages1` FOREIGN KEY (`languages_id`) REFERENCES `languages` (`id`) ON DELETE CASCADE ON UPDATE CASCADE;

--
-- Ограничения внешнего ключа таблицы `content_types_images_sizes`
--
ALTER TABLE `content_types_images_sizes`
  ADD CONSTRAINT `fk_content_types_images_sizes1` FOREIGN KEY (`types_id`) REFERENCES `content_types` (`id`) ON DELETE CASCADE ON UPDATE CASCADE,
  ADD CONSTRAINT `fk_content_types_images_sizes2` FOREIGN KEY (`images_sizes_id`) REFERENCES `content_images_sizes` (`id`) ON DELETE CASCADE ON UPDATE CASCADE;

--
-- Ограничения внешнего ключа таблицы `guides_info`
--
ALTER TABLE `guides_info`
  ADD CONSTRAINT `fk_guides_info_guides2` FOREIGN KEY (`guides_id`) REFERENCES `guides` (`id`) ON DELETE CASCADE ON UPDATE CASCADE,
  ADD CONSTRAINT `fk_guides_info_languages2` FOREIGN KEY (`languages_id`) REFERENCES `languages` (`id`) ON DELETE CASCADE ON UPDATE CASCADE;

--
-- Ограничения внешнего ключа таблицы `plugins_components`
--
ALTER TABLE `plugins_components`
  ADD CONSTRAINT `fk_plugins_components_components1` FOREIGN KEY (`components_id`) REFERENCES `components` (`id`) ON DELETE CASCADE ON UPDATE CASCADE,
  ADD CONSTRAINT `fk_plugins_components_plugins1` FOREIGN KEY (`plugins_id`) REFERENCES `plugins` (`id`) ON DELETE CASCADE ON UPDATE CASCADE;

--
-- Ограничения внешнего ключа таблицы `translations_info`
--
ALTER TABLE `translations_info`
  ADD CONSTRAINT `fk_translations_info_languages1` FOREIGN KEY (`languages_id`) REFERENCES `languages` (`id`) ON DELETE CASCADE ON UPDATE CASCADE,
  ADD CONSTRAINT `fk_translations_info_translations1` FOREIGN KEY (`translations_id`) REFERENCES `translations` (`id`) ON DELETE CASCADE ON UPDATE CASCADE;

--
-- Ограничения внешнего ключа таблицы `users`
--
ALTER TABLE `users`
  ADD CONSTRAINT `fk_users_users_group1` FOREIGN KEY (`group_id`) REFERENCES `users_group` (`id`) ON DELETE CASCADE ON UPDATE CASCADE;

--
-- Ограничения внешнего ключа таблицы `users_group_info`
--
ALTER TABLE `users_group_info`
  ADD CONSTRAINT `fk_users_group_info_languages1` FOREIGN KEY (`languages_id`) REFERENCES `languages` (`id`) ON DELETE CASCADE ON UPDATE CASCADE,
  ADD CONSTRAINT `fk_users_group_info_users_group1` FOREIGN KEY (`group_id`) REFERENCES `users_group` (`id`) ON DELETE CASCADE ON UPDATE CASCADE;

/*!40101 SET CHARACTER_SET_CLIENT=@OLD_CHARACTER_SET_CLIENT */;
/*!40101 SET CHARACTER_SET_RESULTS=@OLD_CHARACTER_SET_RESULTS */;
/*!40101 SET COLLATION_CONNECTION=@OLD_COLLATION_CONNECTION */;
